name,address,phone
CityCare Hospital,"12 MG Road, Bengaluru, Karnataka",+91-90000-10001
Sunrise Medical Center,"45 Koramangala 5th Block, Bengaluru, Karnataka",+91-90000-10002
Green Valley Hospital,"78 Indiranagar 12th Main, Bengaluru, Karnataka",+91-90000-10003
Lifeline Hospital,"23 Whitefield Main Road, Bengaluru, Karnataka",+91-90000-10004
Hopewell Hospital,"91 Jayanagar 4th Block, Bengaluru, Karnataka",+91-90000-10005
MediCare Plus,"34 HSR Layout Sector 2, Bengaluru, Karnataka",+91-90000-10006
Wellness Hospital,"56 Banashankari 3rd Stage, Bengaluru, Karnataka",+91-90000-10007
Apollo Heights Hospital,"18 Hebbal Ring Road, Bengaluru, Karnataka",+91-90000-10008
Prime Health Center,"67 Yelahanka New Town, Bengaluru, Karnataka",+91-90000-10009
CarePoint Hospital,"29 Marathahalli Outer Ring Road, Bengaluru, Karnataka",+91-90000-10010
NewLife Hospital,"83 Rajajinagar 2nd Block, Bengaluru, Karnataka",+91-90000-10011
Aster View Hospital,"41 Malleshwaram 8th Cross, Bengaluru, Karnataka",+91-90000-10012
HealthFirst Medical Center,"72 Electronic City Phase 1, Bengaluru, Karnataka",+91-90000-10013
WellCare Hospital,"15 JP Nagar 6th Phase, Bengaluru, Karnataka",+91-90000-10014
Harmony Hospital,"38 Kalyan Nagar Main Road, Bengaluru, Karnataka",+91-90000-10015
Medisphere Hospital,"64 Sarjapur Road, Bengaluru, Karnataka",+91-90000-10016
FamilyCare Hospital,"27 Vijayanagar Main Road, Bengaluru, Karnataka",+91-90000-10017
Global Health Hospital,"52 Bellandur Central Road, Bengaluru, Karnataka",+91-90000-10018
ComfortCare Hospital,"36 Kengeri Satellite Town, Bengaluru, Karnataka",+91-90000-10019
BlueCross Medical Center,"88 Basavanagudi Main Road, Bengaluru, Karnataka",+91-90000-10020
